Intesa Sanpaolo S.p.A. - Cassa di Risparmio in Bologna S.p.A. -- Banca CR Firenze S.p.A. -- Cassa dei Risparmi di Forlì e della Romagna S.p.A -- Cassa di Risparmio del Friuli Venezia Giulia S.p.A -- Banco di Napoli S.p.A. -- Cassa di Risparmio di Pistoia e della Lucchesia S.p.A. -- Cassa di Risparmio del Veneto S.p.A.
ABN AMRO Life S.A
ABN AMBRO
Abtg SpaABTG
Alfio Bardolla
Acotel Group SpA
Acotel Group
Acotel
ADVANCED CAPITAL SGR SPA
Advanced Capital
Agatos S.p.A.
Agatos
Alicanto Capital SGR SPA
Alicanto Capital
Alleanza Assicurazioni SPA
Alleanza Assicurazioni
Allianz Global Life DAC
Allianz Global Life
Allianz SPA
Allianz
ALP.I S.p.A.
ALP.I
Ambienta  SGR  SPA
Ambienta  SGR
AMBROMOBILIARE S.P.A.
Ambromobiliare
AME LIFE LUX SA
AME Life Lux
Amissima Vita S.p.A.
Amissima Vita
Amundi RE Italia SGR S.p.A.
Amundi Real Estate
Amundi SGR S.p.A.
Amundi SGR
Anima Holding SpA
Anima Holding
Anthilia Capital Partners SGR S.p.A.
Anthilia Capital Partners
APICIL Life SA
Apicil
Apulia Previdenza spa
Apulia Previdenza
AQUAFILSPA
Aquafil
Arca Vita International DAC
Arca Vita International
Arca Vita SpA
Arca Vita
AS Roma SpA
AS Roma
Askoll Eva S.p.A.
Askoll
Assimoco Vita S.p.A.
Assimoco Vita
AVIVA LIFE SPA
AVIVA LIFE
AVIVA SPA
AVIVA
AVIVA VITA SPA
AVIVA Vita
AVM Gestioni SGR SPA Gestore EuVECA
AVM Gestioni SGR
AXA Assicurazioni SpA
AXA Assicurazioni
AXA MPS ASSICURAZIONI VITA SPA
AXA MPS ASSICURAZIONI VITA
AXA MPS Financial DAC
AXA MPS Financial DAC
AZ LIFE DAC
AZ Life dac
Azimut Capital Management SGR SPA
Azimut Capital Management SGR
B4 Investimenti SGR SpA
B4 Investimenti SGR
Baloise Life AG
Baloise Life
Baloise Vie Luxembourg SA
Baloise Vie
Banca Akros SpA
Banca Akros
Banca Aletti SpA
Banca Aletti
Banca Alta Toscana Credito Cooperativo SC
BANCA ALTA TOSCANA CREDITO COOPERATIVO
Banca Carige SpA
Banca Carige
Banca Cras Credito Cooperativo Toscano Siena Società Cooperativa
BANCA CRAS
BANCA DEL PIEMONTE SPA
BANCA DEL PIEMONTE
Banca Della Marca Credito Cooperativo
Banca Della Marca
banca di ancona e falconara marittima
BANCA DI ANCONA E FALCONARA MARITTIMA
Banca di Bologna
Banca di Bologna
Banca di Credito Cooperativo di Pontassieve Società Cooperativa
BANCA DI CREDITO COOPERATIVO DI PONTASSIEVE
Banca di Imola SpA
Banca di Imola
BANCA DI MONASTIER E DEL SILE CREDITO COOPERATIVO
BANCA DI MONASTIER E DEL SILE
BANCA DI SASSARI SPA
BANCA DI SASSARI
BANCA DI UDINE CREDITO COOPERATIVO
BANCA DI UDINE
banca di verona credito cooperativo cadivavid scpa
banca di verona
Banca IFIS SpA
Banca IFIS
Banca IMI SPA
Banca IMI
Banca Intermobiliare di Investimenti e Gestioni SPA
Banca Intermobiliare di Investimenti e Gestioni
Banca Monte dei Paschi di Siena SPA
Banca Monte dei Paschi di Siena
Banca Patrimoni Sella&C SpA
Banca Patrimoni Sella
Banca Popolare di Sondrio scpa
Banca Popolare di Sondrio
Banca Popolare Milano SpA
Banca Popolare di Milano
Banca Popolare Pugliese SCpA
Banca Popolare Pugliese
Banca Sella SpA
Banca Sella
BancAssurance Popolari SpA
BancAssurance Popolari
Banco BPM SpA
Banco BPM
BANCO DI SARDEGNA SPA
BANCO DI SARDEGNA
BANCO FIORENTINO MUGELLO IMPRUNETA SIGNA CREDITO COOPERATIVO SOCIETA COOPERATIVA
BANCO FIORENTINO MUGELLO IMPRUNETA SIGNA
BANCO FIORENTINO
Bank of America Corporation
Bank of America Corporation
Bank Vontobel Europe AG
Bank Vontobel Europe
Barclays Bank PLC
Barclays Bank
BCC DEL VIBONESE SOC COOP
CREDITO COOPERATIVO DI SAN CALOGERO E MAIERATO
BCC dell Oglio e del Serio SC
BCC OGLIO E SERIO
BANCA DI CREDITO COOPERATIVO DELL’OGLIO E DEL SERIO
Bcc Umbria Credito Cooperativo  SC
BCC UMBRIA CREDITO COOPERATIVO
BCC Vicentino Pojana Maggiore Vicenza SC
BCC VICENTINO   POJANA MAGGIORE
BCC Vita SPA
BCC Vita
Belgrave Capital Management Ltd
Belgrave Capital Management
BIM Vita SpA
BIM VITA
Bipiemme Vita S.p.A.
Bipiemme Vita
BNL SPA
BNL
BNP PARIBAS Real Estate Investment Management SGR p.A.
BNP Paribas Real Estate Investment Management
BNP Paribas S.A.
BNP Paribas
Bomi Italia SpA
Bomi Italia
Borsa Italiana SPA
Borsa Italiana
BPER BANCA SPA
BPER Banca
Caleffi S.p.A.
Caleffi
CAPITAL DYNAMICS  SGR SPA
Capital Dynamics SGR
Capital For Progress 2 S.p.A.
Capital For Progress 2
Cardif Lux Vie SA
Cardif Lux Vie
Cardif Vita S.p.A.
Cardif Vita
Cassa Centrale Banca Credito Cooperativo del Nord Est SpA
Cassa Centrale Banca   Credito Cooperativo del Nord Est
CASSA DEPOSITI E PRESTITI SPA
Cassa depositi e prestiti
Cassa di Risparmio di Bolzano SpA
Cassa di Risparmio di Bolzano
CASSA DI RISPARMIO DI BRA SPA
CRBRA
Cassa di Risparmio di Bra
CASSA DI RISPARMIO DI SALUZZO SPA
Cassa di Risparmio di Saluzzo
Cassa Rurale ed artigiana di brendola credito cooperativo soc. coop.
CASSA RURALE ED ARTIGIANA DI BRENDOLA
CASSA RURALE ED ARTIGIANA DI CANTU' BCC SOC. COOP.
CASSA RURALE ED ARTIGIANA DI CANTÙ
Castello SGR SpA
Castello SGR
CDP Investimenti SGR S.p.A.
CDP Investimenti Società di Gestione del Risparmio
CdR Advance Capital SpA
CdR Advance Capital
Cellularline Spa
Cellularline
CENTRO HL DISTRIBUZIONE SPA
CENTRO HL DISTRIBUZIONE
CF Life Compagnia di Assicurazioni Vita SpA
CF Life Compagnia di Assicurazioni Vita
CFT S.P.A.
CFT
Chicago Mercantile Exchange Inc
Chicago Mercantile Exchange
CME
Citigroup Global Markets Limited
Citigroup Global Markets
Clabo SpA
Clabo
CMC Markets UK Plc
CMC Markets
CNP Partners de Seguros y Reaseguros S.A.
CNP Partners de Seguros y Reaseguros
CNP UniCredit Vita S.p.A.
CNP UniCredit Vita
Commerzbank AG
Commerzbank
Costamp Group SpA
Costamp Group
Credem Private Equity SGR SpA
Credem Private Equity SGR
Credemvita SpA
Credemvita
Credit Agricole Cariparma SpA
Crédit Agricole Cariparma
Credit Agricole Carispezia SpA
Crédit Agricole Carispezia
Credit Agricole CIB Financial Solutions
Credit Agricole CIB Financial Solutions
Credit Agricole Friuladria SpA
Crédit Agricole Friuladria
Crédit Agricole Life Insurance Europe SA
CALI Europe
Crédit Agricole Vita Spa
Crédit Agricole Vita
Credit Suisse AG
Credit Suisse AG
Credit Suisse International
Credit Suisse Life & Pensions AG
Credit Suisse Life & Pensions
Credito Cooperativo ravennate forlivese e imolese società cooperativa
CREDITO COOPERATIVO RAVENNATE FORLIVESE E IMOLESE
BCC FORLI
CREDITO COOPERATIVO ROMAGNOLO BCC DI CESENA E GATTEO SOCIETA' COOPERATIVA
CREDITO COOPERATIVO ROMAGNOLO
BCC DI CESENA E GATTEO
Credito di Romagna Spa
CREDITO DI ROMAGNA
Credito Emiliano SPA
Credito Emiliano
Credem
CREDITO PADANO BANCA DI CREDITO COOPERATIVO SOCIETA COOPERATIVA
CREDITO PADANO
BCC CASTEL GOFFREDO
Credito Valdinievole SC
CREDITO VALDIN.
Credito Valtellinese SpA
Credito Valtellinese
CreditRas Vita SPA
CREDITRAS Vita
Culti Milano SPA
Culti Milano
d’Amico International Shipping S.A.
d’Amico International Shipping
Darta Saving Life Assurance DAC
Darta Saving Life Assurance
DB ETC INDEX PLC
DB ETC plc
DBA Group Spa
DBA Group
DEA CAPITAL ALTERNATIVE FUNDS SGR SPA
DEA Capital Alternative Funds
DeACapital Real Estate SGR SPA
DeA Capital Real Estate
Depaho Ltd
Depaho
Destek Markets UK LTD
Destek Markets UK
Deutsche Bank AG
Deutsche Bank
DEXIA CREDIOP S.p.A.
DEXIA CREDIOP
Digital Magics SpA
Digital Magics
Digital Value SpA
Digital Value
Digital360 spa
Digital360
DigiTouch SPA
DigiTouch
Dominion Hosting Holding SpA
Dominion Hosting Holding
Dzbank
Dzbank
Ediliziacrobatica S.p.a.
Ediliziacrobatica
Elettra Investimenti SPA
Elettra Investimenti
Emil Banca Credito Cooperativo Società Cooperativa
EMIL BANCA
Enel SpA
Enel
Energica Motor Company SPA
Energica Motor Company
Enertronica S.p.A.
Enertronica
EPS Equita PEP SPAC 2 SPA
EPS Equita PEP SPAC 2
Ersel Asset Management Sgr SpA
Ersel Asset Management
ETFS Commodity Securities Limited/Wisdom Tree UK
ETFS
EUREX
EUREX
Eurizon Capital SGR S.p.A.
Eurizon Capital
EURONEXT
EURONEXT
Eurovita SpA
Eurovita
Exane Derivatives SNC
Exane Derivatives
EXPERT SYSTEM SPA
Expert System
F.I.L.A. Fabbrica italiana lapis ed affini S.p.A.
Fabbrica Italiana Lapis e Affini
Fila
F2I SGR SPA
F2i SGR
Fabrica Immobiliare SGR S.p.A.
Fabrica Immobiliare
FENERA & PARTNERS SGR SPA
Fenera & Partners
FerviSpA
Fervi
Fideuram Investimenti SGR
Fideuram Investimenti SGR
Fideuram Vita SPA
Fideuram Vita
Finanziaria Internazionale Investments Società di Gestione del Risparmio SPA
Finanziaria Internazionale Investments
FinecoBank SPA
FinecoBank
Finlogic S.p.A.
Finlogic
FOPE SPA
FOPE
FOREX CAPITAL MARKETS LTD
FOREX CAPITAL MARKETS
Frendy Energy SpA
Frendy Energy
FSI SGR
FSI SGR
FWU LIFE INSURANCE LUX SA
FWU Life Insurance Lux
Gabelli Value for Italy S.p.A.
Gabelli Value for Italy
Garnell SGR Spa
Garnell SGR
GB Life Luxembourg
GB Life Luxembourg
GEAR SPA
GEAR
GEL S.p.A.
GEL
Generali Italia SpA
Generali Italia
Generali PanEurope DAC
Generali PanEurope
Genertel Life SpA
Genertel Life
Gequity SpA
Gequity
Global Selection SGR
Global Selection SGR
GO INTERNET SPA
Go internet
Goldman Sachs & Co. LLC
Goldman Sachs & Co. LLC
Goldman Sachs Bank AG
Goldman Sachs Bank AG
Goldman Sachs Finance Corp International Ltd
Goldman Sachs Finance Corp International Ltd
Goldman Sachs International
Goldman Sachs International
Goldman, Sachs & Co Wertpapier GmbH
Goldman, Sachs & Co. Wertpapier GmbH
GPI SPA
GPI
Gran Colombia Gold Corp
GRAN COLOMBIA GOLD CORP
GCM
Grazer Wechselseitige Versicherung AG
Grazer Wechselseitige Versicherung
Grifal SpA
GRIFAL
Groupama Assicurazioni S.p.a.
Groupama Assicurazioni
Guala Closures S.p.A.
Guala Closures
HDI Assicurazioni SpA
HDI Assicurazioni
Hedge Invest SGRpA
Hedge Invest
Helvetia Vita SpA
Helvetia
Helvetia Vita
Hoch Capital Ltd
Hoch Capital
HSBC Bank plc
HSBC Bank
HSBC FRANCE
HSBC France
Iccrea Banca SpA
Iccrea Banca
Iccrea BancaImpresa SpA
Iccrea BancaImpresa
ICF GROUP SPA
ICF Group
iCFD Ltd
iCFD
IDEAMI SPA
IDEAMI
IG Europe GmbH
IG Europe GmbH
IGE
IG Markets Ltd
IG Markets Ltd
IGD SIIQ SPA
Immobiliare Grande Distribuzione Società di Investimento Immobiliare Quotata
IGD
Illa Spa
Illa
InChiaro Life DAC
InChiaro Life dac
Indaco Venture Partners SGR SPA
Indaco Venture Partners SGR
indacosgr
INDUSTRIAL STARS OF ITALY 3 SpA
Industrial Stars of Italy 3
Infinox Capital Limited
Infinox Capital Limited
ING BANK NV
ING BANK
Iniziativa Gestione Investimenti SGR SPA
IGI SGR
IGI Investimenti
INNOVA ITALY 1 SPA
INNOVA ITALY 1
Innovatec SpA
Innovatec
Intesa Sanpaolo life DAC
Intesa Sanpaolo Life
INTESA SANPAOLO SPA
INTESA SANPAOLO
Intesa Sanpaolo Vita S.p.A.
Intesa Sanpaolo Vita
Investimenti Immobiliari Italiani SGR SpA
Investimenti Immobiliari Italiani SGR
InvestiRE Società di Gestione del Risparmio SpA
InvestiRE Società di Gestione del Risparmio
IQOPTION EUROPE LTD
IQOPTION EUROPE LTD
Italian Wine Brans Spa
Italian Wine Brands
Italiana Assicurazioni SpA
Italiana Assicurazioni
Itas Vita SPA
Itas Vita
J.P. MORGAN SECURITIES PLC
J.P. Morgan Securities plc
J.P.Morgan International Bank Limited
J.P. Morgan International Bank Limited
K.R.Energy SpA
K.R.Energy
Kairos Partners SGR SpA
Kairos Partners SGR
KI GROUP SPA
Ki Group
La Cassa di Ravenna SpA
La Cassa di Ravenna
La Mondiale Europartner SA
La Mondiale Europartner
Leonteq Securities AG
Leonteq Securities AG
Leverate Financial Services Ltd
Leverate Financial Services Limited
Life Care Capital S.p.A.
LIFE CARE CAPITAL
Lombard International Assurance SA
Lombard International Assurance
Lombarda Vita SPA
Lombarda Vita
Lydya Financial Ltd
Lydya Financial
Maps SpA
Maps
Mediobanca – Banca di Credito Finanziario S.p.A.
Mediobanca
Mediolanum Gestione Fondi SGR spA
Mediolanum Gestione Fondi
Mediolanum International Life dac
Mediolanum International Life
MediolanumVita SPA
Mediolanum Vita
Morgan Stanley & Co. International plc
Morgan Stanley & Co. International plc
Morgan Stanley & Co.
MPS Capital Services Banca per le Imprese SPA
MPS Capital Services Banca per le Imprese
Natixis SA
Natixis Structured Issuance
Neodecortech SpA
Neodecortech
Neosperience SpA
Neosperience
Net Insurance SPA
Net Insurance
New York Mercantile Exchange Inc
New York Mercantile Exchange
NYMEX
NEXTAM PARTNERS SGR SPA
Nextam Partners SGR
NOVIS Poistovna a.s.
NOVIS
Nucleus Life AG
Nucleus Life
OCC
OCC
Options Clearing Corporation
Octium Life Dac
Octium Life Dac
PensPlan Invest SGR SpA
PensPlan Invest SGR
Pharus Management Lux SA
PHARUS MANAGEMENT LUX
PICTET
Pictet & Cie
Piteco SpA
PITECO
Polis Fondi SGRpA
Polis Fondi
POPOLARE Vita SpA
Popolare Vita
Poste Vita SpA
Poste Vita
Powersoft S.p.A.
Powersoft
Praesidium SGR S.p.A.
Praesidium SGR
Pramerica Life SpA
Pramerica Life
Prelios SGR SpA
Prelios SGR
Primomiglio SGR SpA
Primomiglio SGR
Prismi Spa
Prismi
Progressio SGR SpA
Progressio SGR
Prysmian Spa
Prysmian
Quadrivio Capital SGR SpA
Quadrivio Capital SGR
QuattroR SGR SPA
QuattroR SGR
Raiffeisen Centrobank AG
Raiffeisen Centrobank AG
RCB
Raydius
RBC_Europe_Limited
RBC Europe Limited
Royal Bank of Canada
RealStep SICAF
RealStep SICAF
ROBOMARKETS LTD
ROBOMARKETS
RUSSELL INVESTMENTS IRELAND LIMITED
Russell Investments Ireland Limited
S.M.R.E. S.p.A.
S.M.R.E.
Safecap Investments LTD
Safecap Investments
Safilo Group SPA
Safilo Group
Sara Vita SPA
Sara Vita
Sator Immobiliare SGR S.p.A.
Sator Immobiliare SGR
Savills Investment Management Sgr Spa
Savills Investment Management SGR
Saxo Bank AS
Saxo Bank AS
Sciuker Frames SpA
Sciuker Frames
SEB Life International Assurance Company DAC
SEB Life International
Serenissima SGR SPA
Serenissima Società di Gestione del Risparmio
SERENISSIMA SGR
SG Company SpA
SG Company
Sikura Leben AG
SIKURA LEBEN AG
SIT SPA
SIT S.p.A.
SITI B&T GROUP SpA
SITI - B&T Group
Società Cattolica COOP
Società Cattolica
SOCIETA' REALEMUTUA ASSICURAZIONI
Società Reale Mutua di Assicurazioni
SOCIETE GENERALE SA
Société Générale
SOCIETE GENERALE
SOGELIFE SA
SOGELIFE
SOLUTIONS CAPITAL MANAGEMENT SIM SPA
SCM SIM
Sorgente Sgr SPA
Sorgente SGR
SosTravel.com S.p.A.
SosTravel.com
Spactiv SpA
Spactiv
Spaxs SpA
SPAXS
SprintItaly SpA
SprintItaly
Swiss Commodity Securities Limited
Swiss Commodity Securities Limited
Swiss Life Liechtenstein AG
Swiss Life (Liechtenstein)
Swiss Life Luxembourg SA
Swiss Life (Luxembourg)
Swissquote Ltd
Swissquote
Symphonia SGR SPA
Symphonia SGR
Tages Capital SGR
Tages Capital SGR
Tamburi Investment Partners S.p.A.
Tamburi Investment Partners
Telesia SPA
Telesia
The Board Of Trade Of The City Of Chicago Inc
The Board of Trade della Città di Chicago
CBOT
The Goldman Sachs Group Inc
The Goldman Sachs Group
The Lawrence Life Assurance Company dac
The Lawrence Life Assurance Company dac
The London Metal Exchange
London Metal Exchange
LME
Threestones Capital Management S.A.
Threestones Capital Management
Tickmill Europe Ltd
Tickmill Europe
Tickmill UK Ltd
Tickmill UK
Torre SGR SPA
Torre SGR
TPSGroup SpA
TPS Group
UBS AG London Branch
UBS AG, London Branch
UBS AG , London Branch
UBS Europe SE Succursale Italia
UBS Europe SE
UBS SW. AG
UBS Switzerland AG
UniCredit Bank AG
UniCredit Bank AG
UNICREDIT SPA
UniCredit S.p.A.
UnionediBancheItalianeSPA
UBI Banca
Unipol Banca SPA
Unipol Banca
UnipolSai Assicurazioni SpA
UnipolSai Assicurazioni
UNIQA Life SpA
UNIQA Life
UNIQA Previdenza SpA
UNIQA Previdenza
Valorlife Lebensversicherungs AG
Valorlife Lebensversicherungs
VALPOLICELLA BENACO BANCA CREDITO COOPERATIVO VERONA SOCIETA COOPERATIVA
VALPOLICELLA BENACO BANCA
VALPOLICELLA BENACO BANCA CREDITO COOPERATIVO
VEI 1 SPA
VEI 1 S.p.A.
Vera Financial dac
Vera Financial dac
Vera Vita Spa
Vera Vita S.p.A.
VETRYA SPA
Vetrya S.p.A.
VIBANCA SC
VIVAL BANCA BCC DI MONTECATINI TERME, BIENTINA E S.PIETRO IN VINCIO
Vitis Life S.A.
Vitis Life
VITTORIA ASSICURAZIONI SPA
VITTORIA ASSICURAZIONI
Vontobel Financial Products GmbH
Vontobel Financial Products GmbH
WEALINS SA
WEALINS
Western Union International Bank GmbH
Western Union International Bank GmbH
WIENER STAEDTISCHE VERSICHERUNG AG
WIENER STÄDTISCHE Versicherung
wieneritalia
Wisdom Tree UK Limited
Boost Issuer PLC
Zephyro S.p.A.
Zephyro
Zurich Investments Life S.p.A.
Zurich Investments Life
Zurich Life Assurance plc Rappresentanza Generale per l’Italia
Zurich Life Assurance;
Natrix